logged_steps,T,T_t,T_x,T_xx,t,x,rms,scale,run_mode
0,[406.8932  406.69577 406.51053 ... 419.9688  420.2375  420.4989 ],"[-2.8878772  -2.8751166  -2.8554976  ... -0.2872523  -0.28034607
 -0.2734655 ]",[-256.9458  -243.71344 -226.12961 ...  345.88892  336.59604  327.38986],[ 13865.438  19661.68   24896.695 ... -11853.186 -11748.481 -11633.78 ],[ 1.  1.  1. ... 60. 60. 60.],"[[0.        ]
 [0.0007874 ]
 [0.0015748 ]
 ...
 [0.09842519]
 [0.0992126 ]
 [0.1       ]]","{'laws/fourier_conduction': 2.6144559383392334, 'constitutive/thermal_diffusivity/law_fourier_conduction/implied_delta': 0.8803082704544067}","{'laws/fourier_conduction': 0.009999999776482582, 'constitutive/thermal_diffusivity/law_fourier_conduction/implied_delta': 0.009999999776482582}",training
1,[402.43176 402.34064 402.24567 ... 379.00317 378.88083 378.75793],"[-0.43064407 -0.42394748 -0.41662768 ... -0.05749051 -0.0563532
 -0.05522606]","[-113.1966   -118.226845 -122.955154 ... -155.00645  -155.72563
 -156.42638 ]",[-6580.6353 -6196.019  -5813.116  ...  -925.1411  -901.7156  -877.9053],[ 1.  1.  1. ... 60. 60. 60.],"[[0.        ]
 [0.0007874 ]
 [0.0015748 ]
 ...
 [0.09842519]
 [0.0992126 ]
 [0.1       ]]","{'laws/fourier_conduction': 0.02546590380370617, 'constitutive/thermal_diffusivity/law_fourier_conduction/implied_delta': 0.7754942774772644}","{'laws/fourier_conduction': 0.009999999776482582, 'constitutive/thermal_diffusivity/law_fourier_conduction/implied_delta': 0.009999999776482582}",training
2,[393.5343  393.4987  393.4606  ... 372.27127 372.13895 372.00574],"[-0.38172513 -0.37621897 -0.3705109  ... -0.10222815 -0.10145286
 -0.10067502]","[ -43.72391   -46.794266  -49.964947 ... -167.50826  -168.61678
 -169.71397 ]",[-3829.8347 -3966.19   -4084.687  ... -1414.3007 -1400.7327 -1386.4042],[ 1.  1.  1. ... 60. 60. 60.],"[[0.        ]
 [0.0007874 ]
 [0.0015748 ]
 ...
 [0.09842519]
 [0.0992126 ]
 [0.1       ]]","{'laws/fourier_conduction': 0.018969960510730743, 'constitutive/thermal_diffusivity/law_fourier_conduction/implied_delta': 0.3126041293144226}","{'laws/fourier_conduction': 0.009999999776482582, 'constitutive/thermal_diffusivity/law_fourier_conduction/implied_delta': 0.009999999776482582}",training
3,[386.11948 386.12292 386.12354 ... 367.1806  367.0527  366.92395],"[-0.41088286 -0.4069368  -0.40289775 ... -0.10724349 -0.10673977
 -0.10622765]","[   6.1245995    2.6128314   -1.017104  ... -161.88458   -162.96494
 -164.04123  ]",[-4365.898  -4544.6245 -4666.9785 ... -1374.2343 -1369.5278 -1364.5135],[ 1.  1.  1. ... 60. 60. 60.],"[[0.        ]
 [0.0007874 ]
 [0.0015748 ]
 ...
 [0.09842519]
 [0.0992126 ]
 [0.1       ]]","{'laws/fourier_conduction': 0.011161468923091888, 'constitutive/thermal_diffusivity/law_fourier_conduction/implied_delta': 0.06984821707010269}","{'laws/fourier_conduction': 0.009999999776482582, 'constitutive/thermal_diffusivity/law_fourier_conduction/implied_delta': 0.009999999776482582}",training
4,[381.9187  381.93127 381.9414  ... 364.52875 364.40668 364.28378],"[-0.3260696  -0.3242703  -0.32249516 ... -0.10368369 -0.10316768
 -0.10264334]","[  17.478832   14.42342    11.315074 ... -154.51802  -155.55211
 -156.58464 ]",[-3826.6091 -3923.2837 -3963.0452 ... -1314.119  -1312.3323 -1310.3792],[ 1.  1.  1. ... 60. 60. 60.],"[[0.        ]
 [0.0007874 ]
 [0.0015748 ]
 ...
 [0.09842519]
 [0.0992126 ]
 [0.1       ]]","{'laws/fourier_conduction': 0.005036651622503996, 'constitutive/thermal_diffusivity/law_fourier_conduction/implied_delta': 0.018526514992117882}","{'laws/fourier_conduction': 0.009999999776482582, 'constitutive/thermal_diffusivity/law_fourier_conduction/implied_delta': 0.009999999776482582}",training
5,[377.94775 377.95825 377.9673  ... 361.67078 361.55322 361.43484],"[-0.2281782  -0.22729197 -0.22671194 ... -0.10941005 -0.10891528
 -0.10841177]","[  14.189391   12.442132   10.540638 ... -148.79472  -149.83301
 -150.86926 ]",[-2100.5188 -2327.2004 -2492.7202 ... -1319.9294 -1317.3586 -1314.6753],[ 1.  1.  1. ... 60. 60. 60.],"[[0.        ]
 [0.0007874 ]
 [0.0015748 ]
 ...
 [0.09842519]
 [0.0992126 ]
 [0.1       ]]","{'laws/fourier_conduction': 0.003742172149941325, 'constitutive/thermal_diffusivity/law_fourier_conduction/implied_delta': 0.013436838984489441}","{'laws/fourier_conduction': 0.009999999776482582, 'constitutive/thermal_diffusivity/law_fourier_conduction/implied_delta': 0.009999999776482582}",training
6,[377.90997 377.9132  377.91492 ... 361.41827 361.30194 361.18478],"[-0.22890468 -0.22825164 -0.22783916 ... -0.10907432 -0.1085868
 -0.10809168]","[   5.0190296    3.1496572    1.1386473 ... -147.22835   -148.25595
 -149.28015  ]",[-2263.6191 -2474.0698 -2624.243  ... -1307.0266 -1302.8711 -1298.582 ],[ 1.  1.  1. ... 60. 60. 60.],"[[0.        ]
 [0.0007874 ]
 [0.0015748 ]
 ...
 [0.09842519]
 [0.0992126 ]
 [0.1       ]]","{'laws/fourier_conduction': 0.003118228167295456, 'constitutive/thermal_diffusivity/law_fourier_conduction/implied_delta': 0.010737468488514423}","{'laws/fourier_conduction': 0.009999999776482582, 'constitutive/thermal_diffusivity/law_fourier_conduction/implied_delta': 0.009999999776482582}",training
7,[377.80045 377.80072 377.79944 ... 361.17303 361.05615 360.93845],"[-0.23118186 -0.23063649 -0.23026575 ... -0.10971083 -0.10926127
 -0.10880441]","[   1.3608353   -0.6192334   -2.7407298 ... -147.9442    -148.98413
 -150.02014  ]",[-2403.6875 -2614.7593 -2765.5974 ... -1323.3082 -1318.2645 -1313.0155],[ 1.  1.  1. ... 60. 60. 60.],"[[0.        ]
 [0.0007874 ]
 [0.0015748 ]
 ...
 [0.09842519]
 [0.0992126 ]
 [0.1       ]]","{'laws/fourier_conduction': 0.002709631808102131, 'constitutive/thermal_diffusivity/law_fourier_conduction/implied_delta': 0.010308296419680119}","{'laws/fourier_conduction': 0.009999999776482582, 'constitutive/thermal_diffusivity/law_fourier_conduction/implied_delta': 0.009999999776482582}",training
8,[377.49023 377.48898 377.486   ... 360.81488 360.69836 360.581  ],"[-0.24696124 -0.24567063 -0.24452694 ... -0.11002194 -0.10960034
 -0.10917222]","[  -0.5321703   -2.66077     -4.914791  ... -147.46942   -148.5106
 -149.54729  ]",[-2604.5967 -2793.0146 -2921.1216 ... -1325.0663 -1319.4607 -1313.5911],[ 1.  1.  1. ... 60. 60. 60.],"[[0.        ]
 [0.0007874 ]
 [0.0015748 ]
 ...
 [0.09842519]
 [0.0992126 ]
 [0.1       ]]","{'laws/fourier_conduction': 0.0023983842693269253, 'constitutive/thermal_diffusivity/law_fourier_conduction/implied_delta': 0.010860740207135677}","{'laws/fourier_conduction': 0.009999999776482582, 'constitutive/thermal_diffusivity/law_fourier_conduction/implied_delta': 0.009999999776482582}",training
9,[377.39294 377.39127 377.38782 ... 360.76773 360.65155 360.53455],"[-0.24927473 -0.24783146 -0.24653636 ... -0.1080782  -0.10766451
 -0.10724452]","[  -1.0894729   -3.2350066   -5.4853177 ... -147.04005   -148.06691
 -149.08916  ]",[-2638.5576 -2800.7258 -2906.6025 ... -1306.9103 -1301.1641 -1295.191 ],[ 1.  1.  1. ... 60. 60. 60.],"[[0.        ]
 [0.0007874 ]
 [0.0015748 ]
 ...
 [0.09842519]
 [0.0992126 ]
 [0.1       ]]","{'laws/fourier_conduction': 0.0022273727227002382, 'constitutive/thermal_diffusivity/law_fourier_conduction/implied_delta': 0.01049790345132351}","{'laws/fourier_conduction': 0.009999999776482582, 'constitutive/thermal_diffusivity/law_fourier_conduction/implied_delta': 0.009999999776482582}",training
10,[377.29846 377.2973  377.2944  ... 360.72134 360.6051  360.48804],"[-0.24713142 -0.24570632 -0.24442147 ... -0.10840292 -0.10799766
 -0.10758632]","[  -0.43068534   -2.5724492    -4.811784   ... -147.13103    -148.1579
 -149.18033   ]",[-2638.4387 -2790.865  -2889.7437 ... -1306.8326 -1301.2837 -1295.5386],[ 1.  1.  1. ... 60. 60. 60.],"[[0.        ]
 [0.0007874 ]
 [0.0015748 ]
 ...
 [0.09842519]
 [0.0992126 ]
 [0.1       ]]","{'laws/fourier_conduction': 0.0021223542280495167, 'constitutive/thermal_diffusivity/law_fourier_conduction/implied_delta': 0.010367108508944511}","{'laws/fourier_conduction': 0.009999999776482582, 'constitutive/thermal_diffusivity/law_fourier_conduction/implied_delta': 0.009999999776482582}",training
11,[377.3432  377.34064 377.33627 ... 360.69968 360.58328 360.4661 ],"[-0.25610536 -0.25436836 -0.25274742 ... -0.10901816 -0.10863313
 -0.10824216]","[  -2.166397    -4.390222    -6.6984897 ... -147.2904    -148.31389
 -149.33284  ]",[-2753.0269 -2886.1821 -2969.8179 ... -1302.6672 -1297.0043 -1291.2013],[ 1.  1.  1. ... 60. 60. 60.],"[[0.        ]
 [0.0007874 ]
 [0.0015748 ]
 ...
 [0.09842519]
 [0.0992126 ]
 [0.1       ]]","{'laws/fourier_conduction': 0.0018344589043408632, 'constitutive/thermal_diffusivity/law_fourier_conduction/implied_delta': 0.009379331022500992}","{'laws/fourier_conduction': 0.009999999776482582, 'constitutive/thermal_diffusivity/law_fourier_conduction/implied_delta': 0.009999999776482582}",training
12,[377.6817  377.67816 377.67273 ... 360.8946  360.77783 360.66025],"[-0.25980636 -0.2581248  -0.25651568 ... -0.10937469 -0.1089898
 -0.10859872]","[  -3.365623    -5.6954885   -8.098861  ... -147.76884   -148.80211
 -149.8311   ]",[-2896.4778 -3013.6992 -3083.4653 ... -1314.9631 -1309.5371 -1303.9471],[ 1.  1.  1. ... 60. 60. 60.],"[[0.        ]
 [0.0007874 ]
 [0.0015748 ]
 ...
 [0.09842519]
 [0.0992126 ]
 [0.1       ]]","{'laws/fourier_conduction': 0.0016899643233045936, 'constitutive/thermal_diffusivity/law_fourier_conduction/implied_delta': 0.008884314447641373}","{'laws/fourier_conduction': 0.009999999776482582, 'constitutive/thermal_diffusivity/law_fourier_conduction/implied_delta': 0.009999999776482582}",training
13,[378.01852 378.01303 378.00558 ... 361.07437 360.95715 360.83908],"[-0.26371893 -0.26188394 -0.260083   ... -0.11028439 -0.10991444
 -0.10953869]","[  -5.774152   -8.190546  -10.669191 ... -148.36424  -149.40686
 -150.44547 ]",[-3012.5298 -3115.924  -3173.6055 ... -1326.795  -1321.5826 -1316.191 ],[ 1.  1.  1. ... 60. 60. 60.],"[[0.        ]
 [0.0007874 ]
 [0.0015748 ]
 ...
 [0.09842519]
 [0.0992126 ]
 [0.1       ]]","{'laws/fourier_conduction': 0.0017564579611644149, 'constitutive/thermal_diffusivity/law_fourier_conduction/implied_delta': 0.009509582072496414}","{'laws/fourier_conduction': 0.009999999776482582, 'constitutive/thermal_diffusivity/law_fourier_conduction/implied_delta': 0.009999999776482582}",training
14,[377.9889  377.98303 377.97528 ... 361.06903 360.9516  360.83328],"[-0.25870997 -0.25682276 -0.25498122 ... -0.11085971 -0.11051133
 -0.1101571 ]","[  -6.31042    -8.651398  -11.057758 ... -148.66374  -149.71202
 -150.75626 ]",[-2916.0264 -3021.6174 -3083.4766 ... -1333.9199 -1328.7173 -1323.3568],[ 1.  1.  1. ... 60. 60. 60.],"[[0.        ]
 [0.0007874 ]
 [0.0015748 ]
 ...
 [0.09842519]
 [0.0992126 ]
 [0.1       ]]","{'laws/fourier_conduction': 0.0015570975374430418, 'constitutive/thermal_diffusivity/law_fourier_conduction/implied_delta': 0.007900126278400421}","{'laws/fourier_conduction': 0.009999999776482582, 'constitutive/thermal_diffusivity/law_fourier_conduction/implied_delta': 0.009999999776482582}",training
15,[377.95172 377.94708 377.9406  ... 361.1055  360.9877  360.86905],"[-0.25253728 -0.25084454 -0.24918061 ... -0.11116146 -0.11082087
 -0.11047522]","[  -4.7312503   -7.047964    -9.413736  ... -149.06996   -150.1312
 -151.18857  ]",[-2896.3357 -2980.002  -3025.1663 ... -1350.2714 -1345.4    -1340.376 ],[ 1.  1.  1. ... 60. 60. 60.],"[[0.        ]
 [0.0007874 ]
 [0.0015748 ]
 ...
 [0.09842519]
 [0.0992126 ]
 [0.1       ]]","{'laws/fourier_conduction': 0.0013158556539565325, 'constitutive/thermal_diffusivity/law_fourier_conduction/implied_delta': 0.006055748090147972}","{'laws/fourier_conduction': 0.009999999776482582, 'constitutive/thermal_diffusivity/law_fourier_conduction/implied_delta': 0.009999999776482582}",training
16,[377.9044  377.89975 377.89325 ... 361.07962 360.96194 360.84344],"[-0.253051   -0.251368   -0.24969798 ... -0.11142525 -0.1110834
 -0.11073655]","[  -4.7188005   -7.070541    -9.46277   ... -148.91226   -149.97702
 -151.03807  ]",[-2948.2114 -3018.4473 -3052.3643 ... -1354.4128 -1349.8828 -1345.2008],[ 1.  1.  1. ... 60. 60. 60.],"[[0.        ]
 [0.0007874 ]
 [0.0015748 ]
 ...
 [0.09842519]
 [0.0992126 ]
 [0.1       ]]","{'laws/fourier_conduction': 0.001199131365865469, 'constitutive/thermal_diffusivity/law_fourier_conduction/implied_delta': 0.005451553035527468}","{'laws/fourier_conduction': 0.009999999776482582, 'constitutive/thermal_diffusivity/law_fourier_conduction/implied_delta': 0.009999999776482582}",training
17,[377.77994 377.7753  377.7688  ... 360.99258 360.8749  360.75635],"[-0.25077713 -0.24917382 -0.24757734 ... -0.11207252 -0.11173954
 -0.11140177]","[  -4.7468324   -7.0663614   -9.427927  ... -148.93063   -149.99895
 -151.06372  ]",[-2906.975  -2978.3003 -3015.3542 ... -1358.9144 -1354.4609 -1349.8577],[ 1.  1.  1. ... 60. 60. 60.],"[[0.        ]
 [0.0007874 ]
 [0.0015748 ]
 ...
 [0.09842519]
 [0.0992126 ]
 [0.1       ]]","{'laws/fourier_conduction': 0.0011492456542328, 'constitutive/thermal_diffusivity/law_fourier_conduction/implied_delta': 0.004859901964664459}","{'laws/fourier_conduction': 0.009999999776482582, 'constitutive/thermal_diffusivity/law_fourier_conduction/implied_delta': 0.009999999776482582}",training
18,[377.6923  377.68796 377.68176 ... 360.94083 360.82312 360.7046 ],"[-0.2481151  -0.24672456 -0.24530974 ... -0.11260052 -0.1122759
 -0.11194682]","[  -4.338496   -6.680257   -9.054125 ... -148.93323  -150.0057
 -151.07462 ]",[-2944.0378 -2999.4258 -3024.4146 ... -1364.3434 -1359.8114 -1355.1222],[ 1.  1.  1. ... 60. 60. 60.],"[[0.        ]
 [0.0007874 ]
 [0.0015748 ]
 ...
 [0.09842519]
 [0.0992126 ]
 [0.1       ]]","{'laws/fourier_conduction': 0.0011716382578015327, 'constitutive/thermal_diffusivity/law_fourier_conduction/implied_delta': 0.00474940799176693}","{'laws/fourier_conduction': 0.009999999776482582, 'constitutive/thermal_diffusivity/law_fourier_conduction/implied_delta': 0.009999999776482582}",training
19,[377.60577 377.60144 377.59525 ... 360.8813  360.76376 360.64536],"[-0.24685878 -0.24547015 -0.24404919 ... -0.11251562 -0.11219442
 -0.11186869]","[  -4.349104   -6.687705   -9.05431  ... -148.76141  -149.83138
 -150.8978  ]",[-2941.978  -2992.8447 -3014.1252 ... -1361.0575 -1356.5153 -1351.8134],[ 1.  1.  1. ... 60. 60. 60.],"[[0.        ]
 [0.0007874 ]
 [0.0015748 ]
 ...
 [0.09842519]
 [0.0992126 ]
 [0.1       ]]","{'laws/fourier_conduction': 0.0011221435852348804, 'constitutive/thermal_diffusivity/law_fourier_conduction/implied_delta': 0.00458084512501955}","{'laws/fourier_conduction': 0.009999999776482582, 'constitutive/thermal_diffusivity/law_fourier_conduction/implied_delta': 0.009999999776482582}",training
20,[377.1607  377.15634 377.15015 ... 360.5641  360.44708 360.32925],"[-0.24219036 -0.24078591 -0.23935318 ... -0.11161125 -0.11130052
 -0.11098526]","[  -4.3870697   -6.6849904   -9.006635  ... -148.03876   -149.09975
 -150.15694  ]",[-2891.88   -2937.9521 -2955.415  ... -1349.8434 -1345.0627 -1340.1265],[ 1.  1.  1. ... 60. 60. 60.],"[[0.        ]
 [0.0007874 ]
 [0.0015748 ]
 ...
 [0.09842519]
 [0.0992126 ]
 [0.1       ]]","{'laws/fourier_conduction': 0.000992841669358313, 'constitutive/thermal_diffusivity/law_fourier_conduction/implied_delta': 0.004318381659686565}","{'laws/fourier_conduction': 0.009999999776482582, 'constitutive/thermal_diffusivity/law_fourier_conduction/implied_delta': 0.009999999776482582}",training
21,[376.46594 376.46158 376.45547 ... 360.04028 359.9243  359.8075 ],"[-0.23882481 -0.23735566 -0.23586904 ... -0.11103072 -0.11072585
 -0.11041645]","[  -4.3961515   -6.634519    -8.901012  ... -146.7771    -147.82854
 -148.87625  ]",[-2814.649  -2865.7832 -2887.9758 ... -1337.8656 -1333.0173 -1328.0078],[ 1.  1.  1. ... 60. 60. 60.],"[[0.        ]
 [0.0007874 ]
 [0.0015748 ]
 ...
 [0.09842519]
 [0.0992126 ]
 [0.1       ]]","{'laws/fourier_conduction': 0.0009179280023090541, 'constitutive/thermal_diffusivity/law_fourier_conduction/implied_delta': 0.004298413638025522}","{'laws/fourier_conduction': 0.009999999776482582, 'constitutive/thermal_diffusivity/law_fourier_conduction/implied_delta': 0.009999999776482582}",training
22,[375.9536  375.94965 375.9439  ... 359.66602 359.55084 359.4348 ],"[-0.23579325 -0.23447159 -0.23313338 ... -0.11011031 -0.10980513
 -0.10949512]","[  -3.9618466   -6.1682677   -8.406688  ... -145.75603   -146.80011
 -147.84027  ]",[-2773.1067 -2827.2805 -2852.9778 ... -1328.4547 -1323.5449 -1318.4645],[ 1.  1.  1. ... 60. 60. 60.],"[[0.        ]
 [0.0007874 ]
 [0.0015748 ]
 ...
 [0.09842519]
 [0.0992126 ]
 [0.1       ]]","{'laws/fourier_conduction': 0.0008999114506877959, 'constitutive/thermal_diffusivity/law_fourier_conduction/implied_delta': 0.004400915000587702}","{'laws/fourier_conduction': 0.009999999776482582, 'constitutive/thermal_diffusivity/law_fourier_conduction/implied_delta': 0.009999999776482582}",training
23,[376.0646  376.0611  376.0559  ... 359.77795 359.6625  359.54626],"[-0.23305693 -0.23183617 -0.2306047  ... -0.11055304 -0.11024692
 -0.10993654]","[  -3.345377    -5.5235777   -7.731345  ... -146.07565   -147.12277
 -148.16606  ]",[-2736.9868 -2789.294  -2814.3765 ... -1332.4069 -1327.3777 -1322.1694],[ 1.  1.  1. ... 60. 60. 60.],"[[0.        ]
 [0.0007874 ]
 [0.0015748 ]
 ...
 [0.09842519]
 [0.0992126 ]
 [0.1       ]]","{'laws/fourier_conduction': 0.0008573349332436919, 'constitutive/thermal_diffusivity/law_fourier_conduction/implied_delta': 0.004226916469633579}","{'laws/fourier_conduction': 0.009999999776482582, 'constitutive/thermal_diffusivity/law_fourier_conduction/implied_delta': 0.009999999776482582}",training
24,[376.0342  376.03098 376.02603 ... 359.77744 359.66193 359.54562],"[-0.22947805 -0.22833467 -0.22718555 ... -0.11088083 -0.11057318
 -0.11026128]","[  -3.044558    -5.1906996   -7.365323  ... -146.14948   -147.1988
 -148.2439   ]",[-2699.258  -2747.826  -2770.4734 ... -1335.0492 -1329.9456 -1324.6606],[ 1.  1.  1. ... 60. 60. 60.],"[[0.        ]
 [0.0007874 ]
 [0.0015748 ]
 ...
 [0.09842519]
 [0.0992126 ]
 [0.1       ]]","{'laws/fourier_conduction': 0.0008578025735914707, 'constitutive/thermal_diffusivity/law_fourier_conduction/implied_delta': 0.00422359723597765}","{'laws/fourier_conduction': 0.009999999776482582, 'constitutive/thermal_diffusivity/law_fourier_conduction/implied_delta': 0.009999999776482582}",training
25,[375.92172 375.91858 375.91376 ... 359.71597 359.60065 359.48447],"[-0.22633615 -0.22526383 -0.22417931 ... -0.11080485 -0.11049522
 -0.11018106]","[  -2.9287982   -5.0552874   -7.2070355 ... -145.956     -147.00563
 -148.05128  ]",[-2677.0984 -2720.8762 -2739.873  ... -1335.5616 -1330.5586 -1325.3761],[ 1.  1.  1. ... 60. 60. 60.],"[[0.        ]
 [0.0007874 ]
 [0.0015748 ]
 ...
 [0.09842519]
 [0.0992126 ]
 [0.1       ]]","{'laws/fourier_conduction': 0.0007971010636538267, 'constitutive/thermal_diffusivity/law_fourier_conduction/implied_delta': 0.0039109778590500355}","{'laws/fourier_conduction': 0.009999999776482582, 'constitutive/thermal_diffusivity/law_fourier_conduction/implied_delta': 0.009999999776482582}",training
26,[375.67007 375.66772 375.66376 ... 359.56613 359.45105 359.3351 ],"[-0.22105964 -0.22010566 -0.21914405 ... -0.1106501  -0.11034531
 -0.11003599]","[  -1.9332236   -4.013733    -6.11733   ... -145.6618    -146.71004
 -147.7543   ]",[-2619.135  -2660.781  -2678.9636 ... -1333.6398 -1328.7281 -1323.6315],[ 1.  1.  1. ... 60. 60. 60.],"[[0.        ]
 [0.0007874 ]
 [0.0015748 ]
 ...
 [0.09842519]
 [0.0992126 ]
 [0.1       ]]","{'laws/fourier_conduction': 0.0007809766102582216, 'constitutive/thermal_diffusivity/law_fourier_conduction/implied_delta': 0.0038495101034641266}","{'laws/fourier_conduction': 0.009999999776482582, 'constitutive/thermal_diffusivity/law_fourier_conduction/implied_delta': 0.009999999776482582}",training
27,[375.43192 375.4297  375.42587 ... 359.42004 359.30524 359.18964],"[-0.21457121 -0.21372807 -0.21288511 ... -0.11015006 -0.10984506
 -0.10953552]","[  -1.8038594   -3.8208768   -5.861577  ... -145.26724   -146.31287
 -147.35458  ]",[-2539.5046 -2580.5425 -2599.3396 ... -1330.4156 -1325.509  -1320.4166],[ 1.  1.  1. ... 60. 60. 60.],"[[0.        ]
 [0.0007874 ]
 [0.0015748 ]
 ...
 [0.09842519]
 [0.0992126 ]
 [0.1       ]]","{'laws/fourier_conduction': 0.0007416965672746301, 'constitutive/thermal_diffusivity/law_fourier_conduction/implied_delta': 0.0036081019788980484}","{'laws/fourier_conduction': 0.009999999776482582, 'constitutive/thermal_diffusivity/law_fourier_conduction/implied_delta': 0.009999999776482582}",training
28,[375.11563 375.11328 375.10938 ... 359.20132 359.08698 358.97186],"[-0.20933713 -0.20851378 -0.2077005  ... -0.10976143 -0.10945445
 -0.1091429 ]","[  -2.000122    -3.9554615   -5.9334764 ... -144.66742   -145.71013
 -146.74896  ]",[-2460.8303 -2501.2952 -2520.6162 ... -1326.6635 -1321.8662 -1316.8809],[ 1.  1.  1. ... 60. 60. 60.],"[[0.        ]
 [0.0007874 ]
 [0.0015748 ]
 ...
 [0.09842519]
 [0.0992126 ]
 [0.1       ]]","{'laws/fourier_conduction': 0.0007062098011374474, 'constitutive/thermal_diffusivity/law_fourier_conduction/implied_delta': 0.003521305974572897}","{'laws/fourier_conduction': 0.009999999776482582, 'constitutive/thermal_diffusivity/law_fourier_conduction/implied_delta': 0.009999999776482582}",training
29,[374.8708  374.8691  374.8659  ... 359.03748 358.92352 358.80872],"[-0.20655471 -0.2058453  -0.20514797 ... -0.10944484 -0.10913937
 -0.1088295 ]","[  -1.1836733   -3.1054878   -5.053032  ... -144.23306   -145.27301
 -146.30936  ]",[-2416.632  -2460.4094 -2483.616  ... -1323.1295 -1318.462  -1313.6023],[ 1.  1.  1. ... 60. 60. 60.],"[[0.        ]
 [0.0007874 ]
 [0.0015748 ]
 ...
 [0.09842519]
 [0.0992126 ]
 [0.1       ]]","{'laws/fourier_conduction': 0.0007009615073911846, 'constitutive/thermal_diffusivity/law_fourier_conduction/implied_delta': 0.003594410140067339}","{'laws/fourier_conduction': 0.009999999776482582, 'constitutive/thermal_diffusivity/law_fourier_conduction/implied_delta': 0.009999999776482582}",training
30,[374.69757 374.69632 374.6935  ... 358.9209  358.80713 358.69254],"[-0.2043376  -0.20374829 -0.2031664  ... -0.10927483 -0.10897209
 -0.10866491]","[  -0.66187143   -2.5754042    -4.5127897  ... -143.99039    -145.0275
 -146.06062   ]",[-2407.7563 -2448.7273 -2470.1287 ... -1319.3805 -1314.6572 -1309.7462],[ 1.  1.  1. ... 60. 60. 60.],"[[0.        ]
 [0.0007874 ]
 [0.0015748 ]
 ...
 [0.09842519]
 [0.0992126 ]
 [0.1       ]]","{'laws/fourier_conduction': 0.0006875816616229713, 'constitutive/thermal_diffusivity/law_fourier_conduction/implied_delta': 0.003473122837021947}","{'laws/fourier_conduction': 0.009999999776482582, 'constitutive/thermal_diffusivity/law_fourier_conduction/implied_delta': 0.009999999776482582}",training
31,[374.5025  374.50113 374.49823 ... 358.781   358.66748 358.55316],"[-0.20214407 -0.20156626 -0.20099737 ... -0.10913835 -0.10883802
 -0.10853341]","[  -0.8312801   -2.7171497   -4.6268373 ... -143.65457   -144.68971
 -145.7211   ]",[-2373.1328 -2413.4116 -2434.9053 ... -1317.0436 -1312.2823 -1307.3394],[ 1.  1.  1. ... 60. 60. 60.],"[[0.        ]
 [0.0007874 ]
 [0.0015748 ]
 ...
 [0.09842519]
 [0.0992126 ]
 [0.1       ]]","{'laws/fourier_conduction': 0.0006766383303329349, 'constitutive/thermal_diffusivity/law_fourier_conduction/implied_delta': 0.0034467726945877075}","{'laws/fourier_conduction': 0.009999999776482582, 'constitutive/thermal_diffusivity/law_fourier_conduction/implied_delta': 0.009999999776482582}",training
32,[374.41205 374.4107  374.4079  ... 358.71786 358.60443 358.49017],"[-0.20074344 -0.20018874 -0.19964266 ... -0.10914443 -0.10884649
 -0.10854401]","[  -0.75835043   -2.6371813    -4.538207   ... -143.54459    -144.5792
 -145.60992   ]",[-2366.5688 -2403.0645 -2421.6104 ... -1316.2678 -1311.5228 -1306.5922],[ 1.  1.  1. ... 60. 60. 60.],"[[0.        ]
 [0.0007874 ]
 [0.0015748 ]
 ...
 [0.09842519]
 [0.0992126 ]
 [0.1       ]]","{'laws/fourier_conduction': 0.0006647527916356921, 'constitutive/thermal_diffusivity/law_fourier_conduction/implied_delta': 0.0034676820505410433}","{'laws/fourier_conduction': 0.009999999776482582, 'constitutive/thermal_diffusivity/law_fourier_conduction/implied_delta': 0.009999999776482582}",training
33,[374.39444 374.39307 374.3902  ... 358.7032  358.58978 358.4756 ],"[-0.20063396 -0.2000908  -0.1995539  ... -0.10890743 -0.10861076
 -0.10830987]","[  -0.8064239   -2.690091    -4.592942  ... -143.4871    -144.52129
 -145.55173  ]",[-2373.679  -2407.3257 -2423.7195 ... -1315.8824 -1311.1361 -1306.2042],[ 1.  1.  1. ... 60. 60. 60.],"[[0.        ]
 [0.0007874 ]
 [0.0015748 ]
 ...
 [0.09842519]
 [0.0992126 ]
 [0.1       ]]","{'laws/fourier_conduction': 0.0006692693568766117, 'constitutive/thermal_diffusivity/law_fourier_conduction/implied_delta': 0.003484973916783929}","{'laws/fourier_conduction': 0.009999999776482582, 'constitutive/thermal_diffusivity/law_fourier_conduction/implied_delta': 0.009999999776482582}",training
34,[374.24335 374.24176 374.2387  ... 358.58286 358.4696  358.35556],"[-0.19867647 -0.19812547 -0.19757983 ... -0.10890031 -0.10860942
 -0.10831445]","[  -1.0854754   -2.9539614   -4.836613  ... -143.28244   -144.31685
 -145.3475   ]",[-2358.4539 -2384.821  -2395.7507 ... -1316.0813 -1311.3043 -1306.3387],[ 1.  1.  1. ... 60. 60. 60.],"[[0.        ]
 [0.0007874 ]
 [0.0015748 ]
 ...
 [0.09842519]
 [0.0992126 ]
 [0.1       ]]","{'laws/fourier_conduction': 0.0006165990489535034, 'constitutive/thermal_diffusivity/law_fourier_conduction/implied_delta': 0.003106625284999609}","{'laws/fourier_conduction': 0.009999999776482582, 'constitutive/thermal_diffusivity/law_fourier_conduction/implied_delta': 0.009999999776482582}",training
35,[374.05927 374.05756 374.0544  ... 358.43414 358.32117 358.20737],"[-0.19819123 -0.19765459 -0.19712071 ... -0.10873751 -0.10845272
 -0.10816397]","[  -1.2022599   -3.072237    -4.9553723 ... -142.96545   -143.99878
 -145.02844  ]",[-2361.6707 -2385.9248 -2395.8054 ... -1314.6918 -1309.9938 -1305.1118],[ 1.  1.  1. ... 60. 60. 60.],"[[0.        ]
 [0.0007874 ]
 [0.0015748 ]
 ...
 [0.09842519]
 [0.0992126 ]
 [0.1       ]]","{'laws/fourier_conduction': 0.0005696488078683615, 'constitutive/thermal_diffusivity/law_fourier_conduction/implied_delta': 0.0027723677922040224}","{'laws/fourier_conduction': 0.009999999776482582, 'constitutive/thermal_diffusivity/law_fourier_conduction/implied_delta': 0.009999999776482582}",training
36,[373.83536 373.8336  373.83032 ... 358.25897 358.14624 358.03268],"[-0.19681747 -0.19628313 -0.195747   ... -0.1087662  -0.10848679
 -0.10820341]","[  -1.3277484   -3.1900306   -5.059853  ... -142.65599   -143.68854
 -144.71744  ]",[-2354.3296 -2371.7773 -2376.7085 ... -1313.6833 -1309.0029 -1304.1488],[ 1.  1.  1. ... 60. 60. 60.],"[[0.        ]
 [0.0007874 ]
 [0.0015748 ]
 ...
 [0.09842519]
 [0.0992126 ]
 [0.1       ]]","{'laws/fourier_conduction': 0.0005323503282852471, 'constitutive/thermal_diffusivity/law_fourier_conduction/implied_delta': 0.002446593949571252}","{'laws/fourier_conduction': 0.009999999776482582, 'constitutive/thermal_diffusivity/law_fourier_conduction/implied_delta': 0.009999999776482582}",training
37,[373.59467 373.59308 373.5901  ... 358.08765 357.97528 357.8621 ],"[-0.1948448  -0.19435775 -0.19387002 ... -0.10818717 -0.10791214
 -0.10763336]","[  -1.0729649   -2.9238832   -4.779233  ... -142.19034   -143.21848
 -144.24298  ]",[-2344.3474 -2355.128  -2355.6929 ... -1307.8777 -1303.4265 -1298.8113],[ 1.  1.  1. ... 60. 60. 60.],"[[0.        ]
 [0.0007874 ]
 [0.0015748 ]
 ...
 [0.09842519]
 [0.0992126 ]
 [0.1       ]]","{'laws/fourier_conduction': 0.0004699964774772525, 'constitutive/thermal_diffusivity/law_fourier_conduction/implied_delta': 0.002081857994198799}","{'laws/fourier_conduction': 0.009999999776482582, 'constitutive/thermal_diffusivity/law_fourier_conduction/implied_delta': 0.009999999776482582}",training
38,[373.42032 373.4187  373.41562 ... 357.96838 357.8563  357.74338],"[-0.19142482 -0.19095111 -0.19047748 ... -0.10793724 -0.10766292
 -0.10738499]","[  -1.1759276   -2.9960065   -4.816403  ... -141.86922   -142.89459
 -143.91644  ]",[-2308.4888 -2312.8335 -2309.1187 ... -1304.4673 -1300.0503 -1295.4836],[ 1.  1.  1. ... 60. 60. 60.],"[[0.        ]
 [0.0007874 ]
 [0.0015748 ]
 ...
 [0.09842519]
 [0.0992126 ]
 [0.1       ]]","{'laws/fourier_conduction': 0.00046606053365394473, 'constitutive/thermal_diffusivity/law_fourier_conduction/implied_delta': 0.0020701109897345304}","{'laws/fourier_conduction': 0.009999999776482582, 'constitutive/thermal_diffusivity/law_fourier_conduction/implied_delta': 0.009999999776482582}",training
39,[373.3824  373.38074 373.37766 ... 357.93896 357.8269  357.71402],"[-0.19085245 -0.19037437 -0.18989944 ... -0.10802641 -0.10775272
 -0.10747525]","[  -1.1916591   -2.999216    -4.8085074 ... -141.82202   -142.84744
 -143.86919  ]",[-2291.3726 -2298.3062 -2296.8994 ... -1304.4185 -1299.9685 -1295.3695],[ 1.  1.  1. ... 60. 60. 60.],"[[0.        ]
 [0.0007874 ]
 [0.0015748 ]
 ...
 [0.09842519]
 [0.0992126 ]
 [0.1       ]]","{'laws/fourier_conduction': 0.00045650871470570564, 'constitutive/thermal_diffusivity/law_fourier_conduction/implied_delta': 0.002027148613706231}","{'laws/fourier_conduction': 0.009999999776482582, 'constitutive/thermal_diffusivity/law_fourier_conduction/implied_delta': 0.009999999776482582}",training
40,[373.0999  373.09845 373.09558 ... 357.74875 357.6371  357.5246 ],"[-0.18594965 -0.18553615 -0.18513446 ... -0.10760981 -0.10733689
 -0.10706002]","[  -1.0065813   -2.7630835   -4.5232825 ... -141.30893   -142.33055
 -143.34865  ]",[-2226.5256 -2234.2332 -2234.6328 ... -1299.5752 -1295.2827 -1290.8558],[ 1.  1.  1. ... 60. 60. 60.],"[[0.        ]
 [0.0007874 ]
 [0.0015748 ]
 ...
 [0.09842519]
 [0.0992126 ]
 [0.1       ]]","{'laws/fourier_conduction': 0.0004386374494060874, 'constitutive/thermal_diffusivity/law_fourier_conduction/implied_delta': 0.0018389163305982947}","{'laws/fourier_conduction': 0.009999999776482582, 'constitutive/thermal_diffusivity/law_fourier_conduction/implied_delta': 0.009999999776482582}",training
41,[372.98923 372.98804 372.9854  ... 357.67764 357.5661  357.45377],"[-0.18449795 -0.1841457  -0.18379995 ... -0.1073596  -0.10708618
 -0.10680887]","[  -0.65663105   -2.4071133    -4.158823   ... -141.13904    -142.1601
 -143.17787   ]",[-2219.5388 -2224.977  -2223.818  ... -1298.8558 -1294.6604 -1290.3301],[ 1.  1.  1. ... 60. 60. 60.],"[[0.        ]
 [0.0007874 ]
 [0.0015748 ]
 ...
 [0.09842519]
 [0.0992126 ]
 [0.1       ]]","{'laws/fourier_conduction': 0.00042469712207093835, 'constitutive/thermal_diffusivity/law_fourier_conduction/implied_delta': 0.0017735755536705256}","{'laws/fourier_conduction': 0.009999999776482582, 'constitutive/thermal_diffusivity/law_fourier_conduction/implied_delta': 0.009999999776482582}",training
42,[372.81396 372.81305 372.81073 ... 357.55682 357.44553 357.33344],"[-0.18297143 -0.1826793  -0.18239182 ... -0.10714284 -0.10686985
 -0.10659327]","[  -0.31751686   -2.055511     -3.7942972  ... -140.83548    -141.85533
 -142.87183   ]",[-2204.051  -2208.5896 -2207.0422 ... -1297.1766 -1293.0518 -1288.7955],[ 1.  1.  1. ... 60. 60. 60.],"[[0.        ]
 [0.0007874 ]
 [0.0015748 ]
 ...
 [0.09842519]
 [0.0992126 ]
 [0.1       ]]","{'laws/fourier_conduction': 0.0003978181630373001, 'constitutive/thermal_diffusivity/law_fourier_conduction/implied_delta': 0.0016391550889238715}","{'laws/fourier_conduction': 0.009999999776482582, 'constitutive/thermal_diffusivity/law_fourier_conduction/implied_delta': 0.009999999776482582}",training
43,[372.60992 372.6091  372.60693 ... 357.41345 357.30234 357.1905 ],"[-0.18002097 -0.17977123 -0.1795298  ... -0.10722394 -0.10695296
 -0.10667838]","[  -0.16808414   -1.8714352    -3.5772686  ... -140.56221    -141.5822
 -142.59868   ]",[-2159.1853 -2165.8835 -2166.6353 ... -1297.3622 -1293.2268 -1288.9564],[ 1.  1.  1. ... 60. 60. 60.],"[[0.        ]
 [0.0007874 ]
 [0.0015748 ]
 ...
 [0.09842519]
 [0.0992126 ]
 [0.1       ]]","{'laws/fourier_conduction': 0.000380470126401633, 'constitutive/thermal_diffusivity/law_fourier_conduction/implied_delta': 0.0015224292874336243}","{'laws/fourier_conduction': 0.009999999776482582, 'constitutive/thermal_diffusivity/law_fourier_conduction/implied_delta': 0.009999999776482582}",training
44,[372.54437 372.54364 372.54153 ... 357.36914 357.25815 357.14633],"[-0.17869215 -0.17845318 -0.17822465 ... -0.10724162 -0.10697184
 -0.1066984 ]","[-1.1865421e-01 -1.8078865e+00 -3.4994831e+00 ... -1.4046814e+02
 -1.4148726e+02 -1.4250273e+02]",[-2141.718  -2147.6602 -2147.9792 ... -1296.175  -1291.9929 -1287.6879],[ 1.  1.  1. ... 60. 60. 60.],"[[0.        ]
 [0.0007874 ]
 [0.0015748 ]
 ...
 [0.09842519]
 [0.0992126 ]
 [0.1       ]]","{'laws/fourier_conduction': 0.00038752617547288537, 'constitutive/thermal_diffusivity/law_fourier_conduction/implied_delta': 0.0015503013273701072}","{'laws/fourier_conduction': 0.009999999776482582, 'constitutive/thermal_diffusivity/law_fourier_conduction/implied_delta': 0.009999999776482582}",training
45,[372.33575 372.33527 372.33344 ... 357.22873 357.118   357.0065 ],"[-0.1760152  -0.1758429  -0.17567888 ... -0.1069448  -0.10667793
 -0.10640776]","[   0.19642034   -1.4736812    -3.1449869  ... -140.10988    -141.1255
 -142.13788   ]",[-2118.3691 -2122.6238 -2122.008  ... -1291.9362 -1287.8455 -1283.6318],[ 1.  1.  1. ... 60. 60. 60.],"[[0.        ]
 [0.0007874 ]
 [0.0015748 ]
 ...
 [0.09842519]
 [0.0992126 ]
 [0.1       ]]","{'laws/fourier_conduction': 0.0004001047054771334, 'constitutive/thermal_diffusivity/law_fourier_conduction/implied_delta': 0.0015845828456804156}","{'laws/fourier_conduction': 0.009999999776482582, 'constitutive/thermal_diffusivity/law_fourier_conduction/implied_delta': 0.009999999776482582}",training
46,[372.2712  372.27054 372.26855 ... 357.17496 357.06436 356.95294],"[-0.17589329 -0.17570081 -0.17552201 ... -0.10693236 -0.1066651
 -0.10639416]","[-2.4948576e-02 -1.6921676e+00 -3.3606977e+00 ... -1.3997545e+02
 -1.4099025e+02 -1.4200198e+02]",[-2115.1443 -2119.351  -2118.6755 ... -1290.9836 -1286.9036 -1282.7041],[ 1.  1.  1. ... 60. 60. 60.],"[[0.        ]
 [0.0007874 ]
 [0.0015748 ]
 ...
 [0.09842519]
 [0.0992126 ]
 [0.1       ]]","{'laws/fourier_conduction': 0.0004051622236147523, 'constitutive/thermal_diffusivity/law_fourier_conduction/implied_delta': 0.0016229936154559255}","{'laws/fourier_conduction': 0.009999999776482582, 'constitutive/thermal_diffusivity/law_fourier_conduction/implied_delta': 0.009999999776482582}",training
47,[372.20575 372.20508 372.20312 ... 357.12354 357.013   356.90167],"[-0.17601602 -0.17580825 -0.17561616 ... -0.10689373 -0.10662729
 -0.10635711]","[-3.9253244e-03 -1.6651665e+00 -3.3294008e+00 ... -1.3986298e+02
 -1.4087772e+02 -1.4188919e+02]",[-2105.7268 -2112.3452 -2113.7568 ... -1290.7904 -1286.7418 -1282.576 ],[ 1.  1.  1. ... 60. 60. 60.],"[[0.        ]
 [0.0007874 ]
 [0.0015748 ]
 ...
 [0.09842519]
 [0.0992126 ]
 [0.1       ]]","{'laws/fourier_conduction': 0.00038400967605412006, 'constitutive/thermal_diffusivity/law_fourier_conduction/implied_delta': 0.0015541708562523127}","{'laws/fourier_conduction': 0.009999999776482582, 'constitutive/thermal_diffusivity/law_fourier_conduction/implied_delta': 0.009999999776482582}",training
48,[372.1126  372.112   372.11005 ... 357.0517  356.94128 356.83005],"[-0.17558731 -0.17537035 -0.1751702  ... -0.10680912 -0.10654513
 -0.10627756]","[ 2.6558012e-02 -1.6259336e+00 -3.2817707e+00 ... -1.3972350e+02
 -1.4073758e+02 -1.4174832e+02]",[-2093.844  -2101.6729 -2104.187  ... -1289.7728 -1285.7357 -1281.5793],[ 1.  1.  1. ... 60. 60. 60.],"[[0.        ]
 [0.0007874 ]
 [0.0015748 ]
 ...
 [0.09842519]
 [0.0992126 ]
 [0.1       ]]","{'laws/fourier_conduction': 0.00038511239108629525, 'constitutive/thermal_diffusivity/law_fourier_conduction/implied_delta': 0.0015466248150914907}","{'laws/fourier_conduction': 0.009999999776482582, 'constitutive/thermal_diffusivity/law_fourier_conduction/implied_delta': 0.009999999776482582}",training
49,[372.09488 372.09418 372.09216 ... 357.0345  356.9241  356.81293],"[-0.17591776 -0.1756812  -0.1754611  ... -0.10675921 -0.1064959
 -0.10622893]","[-7.2625518e-02 -1.7273535e+00 -3.3853481e+00 ... -1.3967119e+02
 -1.4068491e+02 -1.4169539e+02]",[-2097.7634 -2104.5195 -2106.0771 ... -1289.404  -1285.3544 -1281.1838],[ 1.  1.  1. ... 60. 60. 60.],"[[0.        ]
 [0.0007874 ]
 [0.0015748 ]
 ...
 [0.09842519]
 [0.0992126 ]
 [0.1       ]]","{'laws/fourier_conduction': 0.00038475811015814543, 'constitutive/thermal_diffusivity/law_fourier_conduction/implied_delta': 0.0015437400434166193}","{'laws/fourier_conduction': 0.009999999776482582, 'constitutive/thermal_diffusivity/law_fourier_conduction/implied_delta': 0.009999999776482582}",training
50,[372.09988 372.099   372.0968  ... 357.03476 356.92438 356.81317],"[-0.17577091 -0.17551939 -0.17528647 ... -0.1067716  -0.10650826
 -0.10624154]","[  -0.29513997   -1.9503938    -3.6079116  ... -139.67714    -140.69107
 -141.70197   ]",[-2098.9307 -2104.7163 -2105.414  ... -1289.932  -1285.8959 -1281.7358],[ 1.  1.  1. ... 60. 60. 60.],"[[0.        ]
 [0.0007874 ]
 [0.0015748 ]
 ...
 [0.09842519]
 [0.0992126 ]
 [0.1       ]]","{'laws/fourier_conduction': 0.0003892563108820468, 'constitutive/thermal_diffusivity/law_fourier_conduction/implied_delta': 0.0015615505399182439}","{'laws/fourier_conduction': 0.009999999776482582, 'constitutive/thermal_diffusivity/law_fourier_conduction/implied_delta': 0.009999999776482582}",training
51,[372.09256 372.09167 372.08945 ... 357.02887 356.9185  356.80728],"[-0.1756502  -0.17539543 -0.17515765 ... -0.1068122  -0.10655043
 -0.10628489]","[  -0.32883573   -1.9834104    -3.6401196  ... -139.6798     -140.6938
 -141.7045    ]",[-2097.8083 -2103.363  -2103.9463 ... -1289.715  -1285.679  -1281.5215],[ 1.  1.  1. ... 60. 60. 60.],"[[0.        ]
 [0.0007874 ]
 [0.0015748 ]
 ...
 [0.09842519]
 [0.0992126 ]
 [0.1       ]]","{'laws/fourier_conduction': 0.0003992127312812954, 'constitutive/thermal_diffusivity/law_fourier_conduction/implied_delta': 0.0016032931162044406}","{'laws/fourier_conduction': 0.009999999776482582, 'constitutive/thermal_diffusivity/law_fourier_conduction/implied_delta': 0.009999999776482582}",training
52,[372.0774  372.07657 372.07443 ... 357.02014 356.9098  356.79858],"[-0.17539519 -0.17516504 -0.17495312 ... -0.10676758 -0.10650671
 -0.10624225]","[  -0.21563552   -1.8673314    -3.5230877  ... -139.66731    -140.68102
 -141.69133   ]",[-2094.8057 -2101.256  -2102.818  ... -1289.2404 -1285.1985 -1281.0327],[ 1.  1.  1. ... 60. 60. 60.],"[[0.        ]
 [0.0007874 ]
 [0.0015748 ]
 ...
 [0.09842519]
 [0.0992126 ]
 [0.1       ]]","{'laws/fourier_conduction': 0.0003830098721664399, 'constitutive/thermal_diffusivity/law_fourier_conduction/implied_delta': 0.0015408326871693134}","{'laws/fourier_conduction': 0.009999999776482582, 'constitutive/thermal_diffusivity/law_fourier_conduction/implied_delta': 0.009999999776482582}",training
53,[372.05963 372.05878 372.05658 ... 357.00677 356.89645 356.7853 ],"[-0.1746519  -0.17445877 -0.17428237 ... -0.10688568 -0.1066229
 -0.10635644]","[  -0.28189495   -1.9300809    -3.580646   ... -139.62236    -140.63696
 -141.64838   ]",[-2090.125  -2095.5063 -2096.5442 ... -1290.624  -1286.6116 -1282.4756],[ 1.  1.  1. ... 60. 60. 60.],"[[0.        ]
 [0.0007874 ]
 [0.0015748 ]
 ...
 [0.09842519]
 [0.0992126 ]
 [0.1       ]]","{'laws/fourier_conduction': 0.0003936015418730676, 'constitutive/thermal_diffusivity/law_fourier_conduction/implied_delta': 0.0015891193179413676}","{'laws/fourier_conduction': 0.009999999776482582, 'constitutive/thermal_diffusivity/law_fourier_conduction/implied_delta': 0.009999999776482582}",training
54,[372.04526 372.04428 372.042   ... 357.0009  356.89056 356.77945],"[-0.17400451 -0.17381057 -0.17363529 ... -0.10678338 -0.10652041
 -0.10625402]","[  -0.42366114   -2.059146     -3.6969855  ... -139.59894    -140.61278
 -141.6237    ]",[-2073.6584 -2079.1821 -2080.8354 ... -1289.6974 -1285.7594 -1281.6938],[ 1.  1.  1. ... 60. 60. 60.],"[[0.        ]
 [0.0007874 ]
 [0.0015748 ]
 ...
 [0.09842519]
 [0.0992126 ]
 [0.1       ]]","{'laws/fourier_conduction': 0.00038131559267640114, 'constitutive/thermal_diffusivity/law_fourier_conduction/implied_delta': 0.0015372837660834193}","{'laws/fourier_conduction': 0.009999999776482582, 'constitutive/thermal_diffusivity/law_fourier_conduction/implied_delta': 0.009999999776482582}",training
55,[372.05777 372.0569  372.0547  ... 357.01532 356.90503 356.79388],"[-0.17352161 -0.17333807 -0.17317212 ... -0.10674289 -0.10647969
 -0.10621275]","[  -0.33216283   -1.9651185    -3.5999465  ... -139.61293    -140.6268
 -141.63748   ]",[-2071.1848 -2075.5427 -2076.3318 ... -1289.5358 -1285.5924 -1281.5233],[ 1.  1.  1. ... 60. 60. 60.],"[[0.        ]
 [0.0007874 ]
 [0.0015748 ]
 ...
 [0.09842519]
 [0.0992126 ]
 [0.1       ]]","{'laws/fourier_conduction': 0.00038419413613155484, 'constitutive/thermal_diffusivity/law_fourier_conduction/implied_delta': 0.0015403169672936201}","{'laws/fourier_conduction': 0.009999999776482582, 'constitutive/thermal_diffusivity/law_fourier_conduction/implied_delta': 0.009999999776482582}",training
56,[372.06476 372.06403 372.062   ... 357.02643 356.91608 356.8049 ],"[-0.17326988 -0.17310336 -0.17295392 ... -0.10677499 -0.10651176
 -0.10624519]","[-1.1706565e-01 -1.7488534e+00 -3.3817372e+00 ... -1.3966435e+02
 -1.4067937e+02 -1.4169104e+02]",[-2069.7173 -2073.419  -2073.7705 ... -1290.9393 -1286.9979 -1282.9219],[ 1.  1.  1. ... 60. 60. 60.],"[[0.        ]
 [0.0007874 ]
 [0.0015748 ]
 ...
 [0.09842519]
 [0.0992126 ]
 [0.1       ]]","{'laws/fourier_conduction': 0.00036610057577490807, 'constitutive/thermal_diffusivity/law_fourier_conduction/implied_delta': 0.0014532210770994425}","{'laws/fourier_conduction': 0.009999999776482582, 'constitutive/thermal_diffusivity/law_fourier_conduction/implied_delta': 0.009999999776482582}",training
57,[372.0713  372.07043 372.06833 ... 357.02936 356.91898 356.80783],"[-0.17314304 -0.17299357 -0.17285992 ... -0.10675807 -0.10649441
 -0.10622717]","[  -0.2278417   -1.8608235   -3.4958415 ... -139.66058   -140.67534
 -141.68692  ]",[-2071.7444 -2076.031  -2076.9177 ... -1290.7278 -1286.7898 -1282.7281],[ 1.  1.  1. ... 60. 60. 60.],"[[0.        ]
 [0.0007874 ]
 [0.0015748 ]
 ...
 [0.09842519]
 [0.0992126 ]
 [0.1       ]]","{'laws/fourier_conduction': 0.00035664139431901276, 'constitutive/thermal_diffusivity/law_fourier_conduction/implied_delta': 0.0014246876817196608}","{'laws/fourier_conduction': 0.009999999776482582, 'constitutive/thermal_diffusivity/law_fourier_conduction/implied_delta': 0.009999999776482582}",training
58,[372.11127 372.1104  372.10828 ... 357.0594  356.94897 356.83777],"[-0.17346057 -0.17333165 -0.17321391 ... -0.10676279 -0.10649742
 -0.10622882]","[  -0.2600447   -1.9004893   -3.543282  ... -139.7201    -140.73523
 -141.74727  ]",[-2080.2822 -2085.3062 -2086.865  ... -1291.2357 -1287.3018 -1283.2415],[ 1.  1.  1. ... 60. 60. 60.],"[[0.        ]
 [0.0007874 ]
 [0.0015748 ]
 ...
 [0.09842519]
 [0.0992126 ]
 [0.1       ]]","{'laws/fourier_conduction': 0.0003206207766197622, 'constitutive/thermal_diffusivity/law_fourier_conduction/implied_delta': 0.001293532783165574}","{'laws/fourier_conduction': 0.009999999776482582, 'constitutive/thermal_diffusivity/law_fourier_conduction/implied_delta': 0.009999999776482582}",training
59,[372.17682 372.17603 372.17398 ... 357.11304 357.0025  356.8912 ],"[-0.17386481 -0.17373368 -0.17361191 ... -0.1068269  -0.10656053
 -0.10629065]","[  -0.16331999   -1.8056264    -3.4508648  ... -139.83981    -140.8558
 -141.86853   ]",[-2083.0955 -2088.0059 -2089.5425 ... -1292.179  -1288.2098 -1284.1117],[ 1.  1.  1. ... 60. 60. 60.],"[[0.        ]
 [0.0007874 ]
 [0.0015748 ]
 ...
 [0.09842519]
 [0.0992126 ]
 [0.1       ]]","{'laws/fourier_conduction': 0.00029552652267739177, 'constitutive/thermal_diffusivity/law_fourier_conduction/implied_delta': 0.001224301173351705}","{'laws/fourier_conduction': 0.009999999776482582, 'constitutive/thermal_diffusivity/law_fourier_conduction/implied_delta': 0.009999999776482582}",training
60,[372.2512  372.25052 372.24857 ... 357.1764  357.06577 356.95435],"[-0.17389351 -0.17379156 -0.17369561 ... -0.1068381  -0.10657077
 -0.10630025]","[-1.7594120e-02 -1.6667444e+00 -3.3172824e+00 ... -1.3997408e+02
 -1.4099052e+02 -1.4200395e+02]",[-2092.3623 -2096.1328 -2096.821  ... -1292.9332 -1288.9221 -1284.7827],[ 1.  1.  1. ... 60. 60. 60.],"[[0.        ]
 [0.0007874 ]
 [0.0015748 ]
 ...
 [0.09842519]
 [0.0992126 ]
 [0.1       ]]","{'laws/fourier_conduction': 0.000276031787507236, 'constitutive/thermal_diffusivity/law_fourier_conduction/implied_delta': 0.0011675473069772124}","{'laws/fourier_conduction': 0.009999999776482582, 'constitutive/thermal_diffusivity/law_fourier_conduction/implied_delta': 0.009999999776482582}",training
61,[372.31387 372.31323 372.31128 ... 357.22885 357.1181  357.00662],"[-0.17387454 -0.17379919 -0.17372327 ... -0.10688228 -0.10661386
 -0.10634224]","[ 1.5223946e-03 -1.6540873e+00 -3.3101225e+00 ... -1.4009543e+02
 -1.4111237e+02 -1.4212625e+02]",[-2100.4795 -2103.1543 -2102.8855 ... -1293.5961 -1289.5807 -1285.4442],[ 1.  1.  1. ... 60. 60. 60.],"[[0.        ]
 [0.0007874 ]
 [0.0015748 ]
 ...
 [0.09842519]
 [0.0992126 ]
 [0.1       ]]","{'laws/fourier_conduction': 0.00025502993958070874, 'constitutive/thermal_diffusivity/law_fourier_conduction/implied_delta': 0.0010860618203878403}","{'laws/fourier_conduction': 0.009999999776482582, 'constitutive/thermal_diffusivity/law_fourier_conduction/implied_delta': 0.009999999776482582}",training
62,[372.37314 372.37247 372.37045 ... 357.27463 357.16382 357.05225],"[-0.17449199 -0.17440662 -0.17431669 ... -0.10692091 -0.10665219
 -0.10637999]","[-3.5085924e-02 -1.6980722e+00 -3.3613820e+00 ... -1.4018393e+02
 -1.4120096e+02 -1.4221478e+02]",[-2110.6458 -2112.5376 -2111.6758 ... -1293.6248 -1289.6118 -1285.4828],[ 1.  1.  1. ... 60. 60. 60.],"[[0.        ]
 [0.0007874 ]
 [0.0015748 ]
 ...
 [0.09842519]
 [0.0992126 ]
 [0.1       ]]","{'laws/fourier_conduction': 0.00024364273122046143, 'constitutive/thermal_diffusivity/law_fourier_conduction/implied_delta': 0.001047297497279942}","{'laws/fourier_conduction': 0.009999999776482582, 'constitutive/thermal_diffusivity/law_fourier_conduction/implied_delta': 0.009999999776482582}",training
63,[372.424   372.42334 372.4213  ... 357.3122  357.20132 357.08966],"[-0.17494975 -0.1748448  -0.17473389 ... -0.10701443 -0.10674656
 -0.10647515]","[-7.4206792e-02 -1.7384900e+00 -3.4036062e+00 ... -1.4029752e+02
 -1.4131544e+02 -1.4232993e+02]",[-2111.591  -2114.6335 -2114.7869 ... -1294.6216 -1290.6235 -1286.505 ],[ 1.  1.  1. ... 60. 60. 60.],"[[0.        ]
 [0.0007874 ]
 [0.0015748 ]
 ...
 [0.09842519]
 [0.0992126 ]
 [0.1       ]]","{'laws/fourier_conduction': 0.00023555786174256355, 'constitutive/thermal_diffusivity/law_fourier_conduction/implied_delta': 0.001023738645017147}","{'laws/fourier_conduction': 0.009999999776482582, 'constitutive/thermal_diffusivity/law_fourier_conduction/implied_delta': 0.009999999776482582}",training
64,[372.51645 372.51544 372.51312 ... 357.37106 357.26007 357.1483 ],"[-0.17610285 -0.17596358 -0.17581643 ... -0.10715603 -0.1068888
 -0.10661835]","[  -0.42554453   -2.1044607    -3.7834768  ... -140.44179    -141.46065
 -142.47649   ]",[-2131.4692 -2133.005  -2131.6272 ... -1296.0275 -1292.0132 -1287.8744],[ 1.  1.  1. ... 60. 60. 60.],"[[0.        ]
 [0.0007874 ]
 [0.0015748 ]
 ...
 [0.09842519]
 [0.0992126 ]
 [0.1       ]]","{'laws/fourier_conduction': 0.00022727456234861165, 'constitutive/thermal_diffusivity/law_fourier_conduction/implied_delta': 0.0010087089613080025}","{'laws/fourier_conduction': 0.009999999776482582, 'constitutive/thermal_diffusivity/law_fourier_conduction/implied_delta': 0.009999999776482582}",training
65,[372.6114  372.61017 372.60764 ... 357.4345  357.3234  357.21146],"[-0.1766045  -0.17644441 -0.17627718 ... -0.1073598  -0.10709447
 -0.10682609]","[  -0.7010711   -2.3862739   -4.071614  ... -140.62685   -141.64796
 -142.666    ]",[-2138.6018 -2140.943  -2140.076  ... -1298.8145 -1294.829  -1290.7251],[ 1.  1.  1. ... 60. 60. 60.],"[[0.        ]
 [0.0007874 ]
 [0.0015748 ]
 ...
 [0.09842519]
 [0.0992126 ]
 [0.1       ]]","{'laws/fourier_conduction': 0.00021408722386695445, 'constitutive/thermal_diffusivity/law_fourier_conduction/implied_delta': 0.0009639350464567542}","{'laws/fourier_conduction': 0.009999999776482582, 'constitutive/thermal_diffusivity/law_fourier_conduction/implied_delta': 0.009999999776482582}",training
66,[372.58527 372.5841  372.58163 ... 357.41782 357.30667 357.19476],"[-0.17620966 -0.17606351 -0.17590648 ... -0.10732925 -0.10706451
 -0.10679645]","[  -0.6287995   -2.3114722   -3.9940145 ... -140.60277   -141.62372
 -142.64142  ]",[-2135.4412 -2137.5393 -2136.5222 ... -1298.514  -1294.539  -1290.4443],[ 1.  1.  1. ... 60. 60. 60.],"[[0.        ]
 [0.0007874 ]
 [0.0015748 ]
 ...
 [0.09842519]
 [0.0992126 ]
 [0.1       ]]","{'laws/fourier_conduction': 0.0002138216805178672, 'constitutive/thermal_diffusivity/law_fourier_conduction/implied_delta': 0.0009519365848973393}","{'laws/fourier_conduction': 0.009999999776482582, 'constitutive/thermal_diffusivity/law_fourier_conduction/implied_delta': 0.009999999776482582}",training
67,[372.63055 372.62924 372.62662 ... 357.44852 357.33734 357.22534],"[-0.1764234  -0.17625767 -0.17608482 ... -0.1074101  -0.10714734
 -0.106881  ]","[  -0.8075713   -2.4906688   -4.1750965 ... -140.69876   -141.72064
 -142.7395   ]",[-2135.581  -2139.1323 -2139.1309 ... -1299.9414 -1296.0035 -1291.9536],[ 1.  1.  1. ... 60. 60. 60.],"[[0.        ]
 [0.0007874 ]
 [0.0015748 ]
 ...
 [0.09842519]
 [0.0992126 ]
 [0.1       ]]","{'laws/fourier_conduction': 0.00019722005527000874, 'constitutive/thermal_diffusivity/law_fourier_conduction/implied_delta': 0.0008869512239471078}","{'laws/fourier_conduction': 0.009999999776482582, 'constitutive/thermal_diffusivity/law_fourier_conduction/implied_delta': 0.009999999776482582}",training
68,[372.63837 372.63702 372.63434 ... 357.4547  357.3435  357.23148],"[-0.17582418 -0.17566305 -0.17549549 ... -0.10751134 -0.10724978
 -0.10698504]","[  -0.89635164   -2.572944     -4.2525797  ... -140.73405    -141.75696
 -142.77676   ]",[-2127.0918 -2131.9688 -2132.9858 ... -1301.0479 -1297.1783 -1293.1902],[ 1.  1.  1. ... 60. 60. 60.],"[[0.        ]
 [0.0007874 ]
 [0.0015748 ]
 ...
 [0.09842519]
 [0.0992126 ]
 [0.1       ]]","{'laws/fourier_conduction': 0.00019225703726988286, 'constitutive/thermal_diffusivity/law_fourier_conduction/implied_delta': 0.0008582096197642386}","{'laws/fourier_conduction': 0.009999999776482582, 'constitutive/thermal_diffusivity/law_fourier_conduction/implied_delta': 0.009999999776482582}",training
69,[372.62808 372.6267  372.62408 ... 357.44952 357.33832 357.22632],"[-0.1749171  -0.17479353 -0.17466334 ... -0.10752618 -0.10726549
 -0.10700134]","[  -0.8736154   -2.539697    -4.210144  ... -140.71852   -141.74197
 -142.76227  ]",[-2112.2058 -2119.3694 -2122.34   ... -1301.5598 -1297.7307 -1293.7903],[ 1.  1.  1. ... 60. 60. 60.],"[[0.        ]
 [0.0007874 ]
 [0.0015748 ]
 ...
 [0.09842519]
 [0.0992126 ]
 [0.1       ]]","{'laws/fourier_conduction': 0.0001888195110950619, 'constitutive/thermal_diffusivity/law_fourier_conduction/implied_delta': 0.0008541594143025577}","{'laws/fourier_conduction': 0.009999999776482582, 'constitutive/thermal_diffusivity/law_fourier_conduction/implied_delta': 0.009999999776482582}",training
70,[372.62335 372.62198 372.61932 ... 357.448   357.3368  357.2248 ],"[-0.17422456 -0.17412288 -0.17401509 ... -0.10753515 -0.1072742
 -0.10701007]","[  -0.9104253   -2.5692418   -4.233789  ... -140.71317   -141.73668
 -142.75728  ]",[-2101.4932 -2110.7695 -2115.39   ... -1301.7906 -1297.9932 -1294.0774],[ 1.  1.  1. ... 60. 60. 60.],"[[0.        ]
 [0.0007874 ]
 [0.0015748 ]
 ...
 [0.09842519]
 [0.0992126 ]
 [0.1       ]]","{'laws/fourier_conduction': 0.00019026138761546463, 'constitutive/thermal_diffusivity/law_fourier_conduction/implied_delta': 0.0008538403199054301}","{'laws/fourier_conduction': 0.009999999776482582, 'constitutive/thermal_diffusivity/law_fourier_conduction/implied_delta': 0.009999999776482582}",training
71,[372.60785 372.60657 372.604   ... 357.44067 357.3295  357.21747],"[-0.17390503 -0.17381568 -0.17371939 ... -0.10757996 -0.10731949
 -0.10705568]","[  -0.77903605   -2.4330904    -4.0935726  ... -140.70291    -141.72656
 -142.74713   ]",[-2095.3042 -2105.5266 -2111.0093 ... -1301.881  -1298.1072 -1294.2213],[ 1.  1.  1. ... 60. 60. 60.],"[[0.        ]
 [0.0007874 ]
 [0.0015748 ]
 ...
 [0.09842519]
 [0.0992126 ]
 [0.1       ]]","{'laws/fourier_conduction': 0.00019203561532776803, 'constitutive/thermal_diffusivity/law_fourier_conduction/implied_delta': 0.0008614572579972446}","{'laws/fourier_conduction': 0.009999999776482582, 'constitutive/thermal_diffusivity/law_fourier_conduction/implied_delta': 0.009999999776482582}",training
72,[372.57635 372.57523 372.5728  ... 357.42862 357.31744 357.20547],"[-0.17216983 -0.17214963 -0.17211965 ... -0.10757221 -0.1073115
 -0.10704748]","[  -0.60919476   -2.2513933    -3.9004564  ... -140.66498    -141.68837
 -142.70872   ]",[-2079.7134 -2090.866  -2097.123  ... -1301.5104 -1297.788  -1293.9509],[ 1.  1.  1. ... 60. 60. 60.],"[[0.        ]
 [0.0007874 ]
 [0.0015748 ]
 ...
 [0.09842519]
 [0.0992126 ]
 [0.1       ]]","{'laws/fourier_conduction': 0.0001994958147406578, 'constitutive/thermal_diffusivity/law_fourier_conduction/implied_delta': 0.000877418729942292}","{'laws/fourier_conduction': 0.009999999776482582, 'constitutive/thermal_diffusivity/law_fourier_conduction/implied_delta': 0.009999999776482582}",training
73,[372.5644  372.56332 372.56094 ... 357.42285 357.3117  357.19974],"[-0.17186849 -0.17185353 -0.17183    ... -0.10754632 -0.10728537
 -0.10702109]","[  -0.5553869   -2.194011    -3.8395715 ... -140.64777   -141.67139
 -142.6918   ]",[-2075.7366 -2086.3687 -2092.2458 ... -1301.7542 -1298.0188 -1294.1753],[ 1.  1.  1. ... 60. 60. 60.],"[[0.        ]
 [0.0007874 ]
 [0.0015748 ]
 ...
 [0.09842519]
 [0.0992126 ]
 [0.1       ]]","{'laws/fourier_conduction': 0.00019492549472488463, 'constitutive/thermal_diffusivity/law_fourier_conduction/implied_delta': 0.0008583973976783454}","{'laws/fourier_conduction': 0.009999999776482582, 'constitutive/thermal_diffusivity/law_fourier_conduction/implied_delta': 0.009999999776482582}",training
74,[372.52768 372.5267  372.52444 ... 357.40106 357.28998 357.1781 ],"[-0.17143995 -0.17143172 -0.17141567 ... -0.10743707 -0.10717583
 -0.1069112 ]","[  -0.43085063   -2.0625691    -3.701726   ... -140.57462    -141.59744
 -142.61703   ]",[-2067.2305 -2078.2002 -2084.5237 ... -1300.669  -1296.9114 -1293.0448],[ 1.  1.  1. ... 60. 60. 60.],"[[0.        ]
 [0.0007874 ]
 [0.0015748 ]
 ...
 [0.09842519]
 [0.0992126 ]
 [0.1       ]]","{'laws/fourier_conduction': 0.00019446077931206673, 'constitutive/thermal_diffusivity/law_fourier_conduction/implied_delta': 0.0008652668329887092}","{'laws/fourier_conduction': 0.009999999776482582, 'constitutive/thermal_diffusivity/law_fourier_conduction/implied_delta': 0.009999999776482582}",training
75,[372.4956  372.49475 372.49258 ... 357.3811  357.27005 357.15817],"[-0.17124769 -0.17123784 -0.17122106 ... -0.10739888 -0.10713752
 -0.10687269]","[  -0.29375708   -1.9225322    -3.5577843  ... -140.54594    -141.56856
 -142.58817   ]",[-2062.7007 -2073.742  -2080.185  ... -1300.5419 -1296.7739 -1292.8933],[ 1.  1.  1. ... 60. 60. 60.],"[[0.        ]
 [0.0007874 ]
 [0.0015748 ]
 ...
 [0.09842519]
 [0.0992126 ]
 [0.1       ]]","{'laws/fourier_conduction': 0.00018986455688718706, 'constitutive/thermal_diffusivity/law_fourier_conduction/implied_delta': 0.0008400057558901608}","{'laws/fourier_conduction': 0.009999999776482582, 'constitutive/thermal_diffusivity/law_fourier_conduction/implied_delta': 0.009999999776482582}",training
76,[372.47968 372.47876 372.47656 ... 357.36905 357.25803 357.14618],"[-0.17126332 -0.17125078 -0.17123188 ... -0.10733892 -0.10707685
 -0.10681137]","[  -0.33163264   -1.9609065    -3.5972216  ... -140.4992     -141.52124
 -142.54036   ]",[-2063.8354 -2074.4868 -2080.5593 ... -1299.9138 -1296.1335 -1292.2461],[ 1.  1.  1. ... 60. 60. 60.],"[[0.        ]
 [0.0007874 ]
 [0.0015748 ]
 ...
 [0.09842519]
 [0.0992126 ]
 [0.1       ]]","{'laws/fourier_conduction': 0.00018989763339050114, 'constitutive/thermal_diffusivity/law_fourier_conduction/implied_delta': 0.0008399085490964353}","{'laws/fourier_conduction': 0.009999999776482582, 'constitutive/thermal_diffusivity/law_fourier_conduction/implied_delta': 0.009999999776482582}",training
77,[372.46704 372.46616 372.464   ... 357.36102 357.25    357.13818],"[-0.17097972 -0.17097762 -0.17096785 ... -0.10731235 -0.10704994
 -0.10678445]","[  -0.30469522   -1.9327842    -3.5681198  ... -140.46967    -141.49156
 -142.51044   ]",[-2062.618  -2073.0312 -2078.9844 ... -1299.5891 -1295.8148 -1291.9257],[ 1.  1.  1. ... 60. 60. 60.],"[[0.        ]
 [0.0007874 ]
 [0.0015748 ]
 ...
 [0.09842519]
 [0.0992126 ]
 [0.1       ]]","{'laws/fourier_conduction': 0.00018568677478469908, 'constitutive/thermal_diffusivity/law_fourier_conduction/implied_delta': 0.0008222925825975835}","{'laws/fourier_conduction': 0.009999999776482582, 'constitutive/thermal_diffusivity/law_fourier_conduction/implied_delta': 0.009999999776482582}",training
78,[372.4525  372.45163 372.44946 ... 357.35257 357.2416  357.1298 ],"[-0.17067038 -0.17067483 -0.17067052 ... -0.10725921 -0.10699667
 -0.10673094]","[  -0.28119612   -1.908127     -3.5411108  ... -140.44122    -141.46251
 -142.48079   ]",[-2060.9597 -2070.7412 -2076.2227 ... -1298.8964 -1295.1023 -1291.1968],[ 1.  1.  1. ... 60. 60. 60.],"[[0.        ]
 [0.0007874 ]
 [0.0015748 ]
 ...
 [0.09842519]
 [0.0992126 ]
 [0.1       ]]","{'laws/fourier_conduction': 0.00019068981055170298, 'constitutive/thermal_diffusivity/law_fourier_conduction/implied_delta': 0.0008452481706626713}","{'laws/fourier_conduction': 0.009999999776482582, 'constitutive/thermal_diffusivity/law_fourier_conduction/implied_delta': 0.009999999776482582}",training
79,[372.4413  372.44046 372.4384  ... 357.34656 357.23557 357.1238 ],"[-0.17054498 -0.17054677 -0.17054215 ... -0.10722273 -0.10695998
 -0.1066942 ]","[  -0.23180571   -1.8565048    -3.4870622  ... -140.42088    -141.4419
 -142.4597    ]",[-2058.7578 -2067.9568 -2073.062  ... -1298.5148 -1294.7231 -1290.8142],[ 1.  1.  1. ... 60. 60. 60.],"[[0.        ]
 [0.0007874 ]
 [0.0015748 ]
 ...
 [0.09842519]
 [0.0992126 ]
 [0.1       ]]","{'laws/fourier_conduction': 0.00019027038069907576, 'constitutive/thermal_diffusivity/law_fourier_conduction/implied_delta': 0.000845982925966382}","{'laws/fourier_conduction': 0.009999999776482582, 'constitutive/thermal_diffusivity/law_fourier_conduction/implied_delta': 0.009999999776482582}",training
80,[372.43735 372.43652 372.4344  ... 357.34372 357.23276 357.121  ],"[-0.17044497 -0.17044713 -0.17044151 ... -0.1072247  -0.10696188
 -0.10669568]","[  -0.24454413   -1.8692391    -3.4992     ... -140.41435    -141.43558
 -142.4536    ]",[-2058.633  -2067.3496 -2072.041  ... -1298.6768 -1294.896  -1291.0029],[ 1.  1.  1. ... 60. 60. 60.],"[[0.        ]
 [0.0007874 ]
 [0.0015748 ]
 ...
 [0.09842519]
 [0.0992126 ]
 [0.1       ]]","{'laws/fourier_conduction': 0.0001862561475718394, 'constitutive/thermal_diffusivity/law_fourier_conduction/implied_delta': 0.0008285427466034889}","{'laws/fourier_conduction': 0.009999999776482582, 'constitutive/thermal_diffusivity/law_fourier_conduction/implied_delta': 0.009999999776482582}",training
81,[372.409   372.4082  372.4061  ... 357.3241  357.21313 357.10144],"[-0.17002417 -0.17003542 -0.17003949 ... -0.10718532 -0.10692235
 -0.10665639]","[  -0.23098327   -1.8514131    -3.476796   ... -140.3669     -141.38748
 -142.40518   ]",[-2053.33   -2061.7158 -2066.2747 ... -1298.1654 -1294.3827 -1290.4857],[ 1.  1.  1. ... 60. 60. 60.],"[[0.        ]
 [0.0007874 ]
 [0.0015748 ]
 ...
 [0.09842519]
 [0.0992126 ]
 [0.1       ]]","{'laws/fourier_conduction': 0.00018705804541241378, 'constitutive/thermal_diffusivity/law_fourier_conduction/implied_delta': 0.0008315052255056798}","{'laws/fourier_conduction': 0.009999999776482582, 'constitutive/thermal_diffusivity/law_fourier_conduction/implied_delta': 0.009999999776482582}",training
82,[372.373   372.3722  372.37018 ... 357.30078 357.18988 357.0782 ],"[-0.16940828 -0.1694318  -0.16944778 ... -0.10715804 -0.10689532
 -0.10662945]","[  -0.14358339   -1.757667     -3.3768795  ... -140.3114     -141.33197
 -142.34956   ]",[-2045.6069 -2053.6836 -2058.157  ... -1298.0476 -1294.2928 -1290.4218],[ 1.  1.  1. ... 60. 60. 60.],"[[0.        ]
 [0.0007874 ]
 [0.0015748 ]
 ...
 [0.09842519]
 [0.0992126 ]
 [0.1       ]]","{'laws/fourier_conduction': 0.00018367887241765857, 'constitutive/thermal_diffusivity/law_fourier_conduction/implied_delta': 0.0008117312681861222}","{'laws/fourier_conduction': 0.009999999776482582, 'constitutive/thermal_diffusivity/law_fourier_conduction/implied_delta': 0.009999999776482582}",training
83,[372.35205 372.3513  372.3492  ... 357.28586 357.175   357.06335],"[-0.1689959  -0.16902791 -0.16905084 ... -0.10708991 -0.10682769
 -0.10656247]","[  -0.1850059   -1.7986447   -3.4164777 ... -140.2674    -141.28777
 -142.30518  ]",[-2045.299  -2052.215  -2055.7512 ... -1297.7319 -1293.9958 -1290.1449],[ 1.  1.  1. ... 60. 60. 60.],"[[0.        ]
 [0.0007874 ]
 [0.0015748 ]
 ...
 [0.09842519]
 [0.0992126 ]
 [0.1       ]]","{'laws/fourier_conduction': 0.00018308342259842902, 'constitutive/thermal_diffusivity/law_fourier_conduction/implied_delta': 0.0008071659249253571}","{'laws/fourier_conduction': 0.009999999776482582, 'constitutive/thermal_diffusivity/law_fourier_conduction/implied_delta': 0.009999999776482582}",training
84,[372.28876 372.28796 372.2859  ... 357.24127 357.1305  357.01892],"[-0.16771615 -0.16776086 -0.16779487 ... -0.10703005 -0.10676895
 -0.10650462]","[  -0.22052959   -1.8252511    -3.4323683  ... -140.17137    -141.19162
 -142.20883   ]",[-2034.931  -2039.8452 -2041.9342 ... -1297.5398 -1293.8312 -1290.0114],[ 1.  1.  1. ... 60. 60. 60.],"[[0.        ]
 [0.0007874 ]
 [0.0015748 ]
 ...
 [0.09842519]
 [0.0992126 ]
 [0.1       ]]","{'laws/fourier_conduction': 0.00018318531510885805, 'constitutive/thermal_diffusivity/law_fourier_conduction/implied_delta': 0.000802525959443301}","{'laws/fourier_conduction': 0.009999999776482582, 'constitutive/thermal_diffusivity/law_fourier_conduction/implied_delta': 0.009999999776482582}",training
85,[372.25934 372.25854 372.25647 ... 357.2211  357.11035 356.99884],"[-0.16702619 -0.16707473 -0.16711372 ... -0.1070247  -0.10676382
 -0.10649994]","[  -0.23391491   -1.8311702    -3.4308338  ... -140.12898    -141.14928
 -142.16653   ]",[-2025.6493 -2030.4943 -2032.6904 ... -1297.5532 -1293.8523 -1290.0365],[ 1.  1.  1. ... 60. 60. 60.],"[[0.        ]
 [0.0007874 ]
 [0.0015748 ]
 ...
 [0.09842519]
 [0.0992126 ]
 [0.1       ]]","{'laws/fourier_conduction': 0.00018559128511697054, 'constitutive/thermal_diffusivity/law_fourier_conduction/implied_delta': 0.0008095221128314734}","{'laws/fourier_conduction': 0.009999999776482582, 'constitutive/thermal_diffusivity/law_fourier_conduction/implied_delta': 0.009999999776482582}",training
86,[372.2062  372.20544 372.2034  ... 357.18536 357.07468 356.96323],"[-0.16620529 -0.16626248 -0.16631013 ... -0.1069529  -0.10669248
 -0.10642877]","[  -0.18987699   -1.7781839    -3.36851    ... -140.03648    -141.05624
 -142.07312   ]",[-2013.9116 -2018.6904 -2021.0251 ... -1296.9763 -1293.2952 -1289.5056],[ 1.  1.  1. ... 60. 60. 60.],"[[0.        ]
 [0.0007874 ]
 [0.0015748 ]
 ...
 [0.09842519]
 [0.0992126 ]
 [0.1       ]]","{'laws/fourier_conduction': 0.00018505055049899966, 'constitutive/thermal_diffusivity/law_fourier_conduction/implied_delta': 0.0008018371881917119}","{'laws/fourier_conduction': 0.009999999776482582, 'constitutive/thermal_diffusivity/law_fourier_conduction/implied_delta': 0.009999999776482582}",training
87,[372.12018 372.1195  372.11758 ... 357.1277  357.01712 356.90576],"[-0.16499457 -0.16506372 -0.1651283  ... -0.10684085 -0.106581
 -0.10631805]","[-6.3622601e-02 -1.6387783e+00 -3.2174933e+00 ... -1.3989641e+02
 -1.4091547e+02 -1.4193159e+02]",[-1998.859  -2002.9741 -2004.8727 ... -1296.0612 -1292.4178 -1288.661 ],[ 1.  1.  1. ... 60. 60. 60.],"[[0.        ]
 [0.0007874 ]
 [0.0015748 ]
 ...
 [0.09842519]
 [0.0992126 ]
 [0.1       ]]","{'laws/fourier_conduction': 0.0001835932198446244, 'constitutive/thermal_diffusivity/law_fourier_conduction/implied_delta': 0.0007855963776819408}","{'laws/fourier_conduction': 0.009999999776482582, 'constitutive/thermal_diffusivity/law_fourier_conduction/implied_delta': 0.009999999776482582}",training
88,[372.05026 372.0496  372.04767 ... 357.07828 356.96783 356.85654],"[-0.16409327 -0.16415681 -0.16421476 ... -0.10681298 -0.10655439
 -0.10629255]","[-8.3766699e-02 -1.6516083e+00 -3.2211969e+00 ... -1.3979082e+02
 -1.4080960e+02 -1.4182550e+02]",[-1989.283  -1992.5116 -1993.7412 ... -1295.7053 -1292.0791 -1288.3417],[ 1.  1.  1. ... 60. 60. 60.],"[[0.        ]
 [0.0007874 ]
 [0.0015748 ]
 ...
 [0.09842519]
 [0.0992126 ]
 [0.1       ]]","{'laws/fourier_conduction': 0.0001777693396434188, 'constitutive/thermal_diffusivity/law_fourier_conduction/implied_delta': 0.000761442119255662}","{'laws/fourier_conduction': 0.009999999776482582, 'constitutive/thermal_diffusivity/law_fourier_conduction/implied_delta': 0.009999999776482582}",training
89,[371.93225 371.9316  371.92978 ... 356.9956  356.8853  356.77417],"[-0.16260172 -0.1626765  -0.16274975 ... -0.1066568  -0.10639971
 -0.10613963]","[-2.3310330e-02 -1.5773551e+00 -3.1332393e+00 ... -1.3959261e+02
 -1.4061028e+02 -1.4162508e+02]",[-1972.6481 -1975.0573 -1975.8156 ... -1294.3105 -1290.7015 -1286.983 ],[ 1.  1.  1. ... 60. 60. 60.],"[[0.        ]
 [0.0007874 ]
 [0.0015748 ]
 ...
 [0.09842519]
 [0.0992126 ]
 [0.1       ]]","{'laws/fourier_conduction': 0.00018165029177907854, 'constitutive/thermal_diffusivity/law_fourier_conduction/implied_delta': 0.000769179139751941}","{'laws/fourier_conduction': 0.009999999776482582, 'constitutive/thermal_diffusivity/law_fourier_conduction/implied_delta': 0.009999999776482582}",training
90,[371.79602 371.79547 371.7938  ... 356.9013  356.79114 356.68018],"[-0.1608337  -0.1609256  -0.16101697 ... -0.10654244 -0.10628762
 -0.10602973]","[ 1.2281859e-01 -1.4139098e+00 -2.9523954e+00 ... -1.3938838e+02
 -1.4040520e+02 -1.4141934e+02]",[-1951.4698 -1953.0948 -1953.4152 ... -1293.2549 -1289.6696 -1285.9711],[ 1.  1.  1. ... 60. 60. 60.],"[[0.        ]
 [0.0007874 ]
 [0.0015748 ]
 ...
 [0.09842519]
 [0.0992126 ]
 [0.1       ]]","{'laws/fourier_conduction': 0.00018075374828185886, 'constitutive/thermal_diffusivity/law_fourier_conduction/implied_delta': 0.0007575458148494363}","{'laws/fourier_conduction': 0.009999999776482582, 'constitutive/thermal_diffusivity/law_fourier_conduction/implied_delta': 0.009999999776482582}",training
91,[371.70892 371.7084  371.70667 ... 356.83823 356.7282  356.61737],"[-0.15975502 -0.15985511 -0.15995495 ... -0.10645131 -0.10619745
 -0.10594048]","[ 1.0209449e-01 -1.4239309e+00 -2.9506502e+00 ... -1.3923534e+02
 -1.4025150e+02 -1.4126492e+02]",[-1936.592  -1938.5929 -1939.2971 ... -1292.4266 -1288.8451 -1285.153 ],[ 1.  1.  1. ... 60. 60. 60.],"[[0.        ]
 [0.0007874 ]
 [0.0015748 ]
 ...
 [0.09842519]
 [0.0992126 ]
 [0.1       ]]","{'laws/fourier_conduction': 0.00018286735576111823, 'constitutive/thermal_diffusivity/law_fourier_conduction/implied_delta': 0.0007650370826013386}","{'laws/fourier_conduction': 0.009999999776482582, 'constitutive/thermal_diffusivity/law_fourier_conduction/implied_delta': 0.009999999776482582}",training
92,[371.60815 371.60764 371.6059  ... 356.76367 356.65378 356.5431 ],"[-0.15878181 -0.15888567 -0.15898974 ... -0.10636245 -0.10610943
 -0.10585355]","[ 9.2820257e-02 -1.4214076e+00 -2.9369040e+00 ... -1.3906367e+02
 -1.4007878e+02 -1.4109116e+02]",[-1921.7424 -1924.2262 -1925.4595 ... -1291.196  -1287.6168 -1283.923 ],[ 1.  1.  1. ... 60. 60. 60.],"[[0.        ]
 [0.0007874 ]
 [0.0015748 ]
 ...
 [0.09842519]
 [0.0992126 ]
 [0.1       ]]","{'laws/fourier_conduction': 0.00017694581765681505, 'constitutive/thermal_diffusivity/law_fourier_conduction/implied_delta': 0.0007428462849929929}","{'laws/fourier_conduction': 0.009999999776482582, 'constitutive/thermal_diffusivity/law_fourier_conduction/implied_delta': 0.009999999776482582}",training
93,[371.4796  371.47916 371.47754 ... 356.67065 356.56094 356.45044],"[-0.15765245 -0.15776916 -0.15788765 ... -0.10620281 -0.10595109
 -0.10569686]","[   0.17676593   -1.3269117    -2.8320549  ... -138.83841    -139.85223
 -140.86327   ]",[-1908.0793 -1910.7635 -1912.2792 ... -1289.3854 -1285.8065 -1282.1086],[ 1.  1.  1. ... 60. 60. 60.],"[[0.        ]
 [0.0007874 ]
 [0.0015748 ]
 ...
 [0.09842519]
 [0.0992126 ]
 [0.1       ]]","{'laws/fourier_conduction': 0.00017333024879917502, 'constitutive/thermal_diffusivity/law_fourier_conduction/implied_delta': 0.0007342538447119296}","{'laws/fourier_conduction': 0.009999999776482582, 'constitutive/thermal_diffusivity/law_fourier_conduction/implied_delta': 0.009999999776482582}",training
94,[371.40997 371.4096  371.40802 ... 356.6214  356.51175 356.40134],"[-0.15690868 -0.15703753 -0.15716577 ... -0.10614037 -0.10588992
 -0.10563678]","[   0.24953401   -1.2477449    -2.746631   ... -138.727      -139.74
 -140.7503    ]",[-1900.1919 -1902.7996 -1904.2938 ... -1288.3956 -1284.8152 -1281.1267],[ 1.  1.  1. ... 60. 60. 60.],"[[0.        ]
 [0.0007874 ]
 [0.0015748 ]
 ...
 [0.09842519]
 [0.0992126 ]
 [0.1       ]]","{'laws/fourier_conduction': 0.00017315224977210164, 'constitutive/thermal_diffusivity/law_fourier_conduction/implied_delta': 0.0007357316208072007}","{'laws/fourier_conduction': 0.009999999776482582, 'constitutive/thermal_diffusivity/law_fourier_conduction/implied_delta': 0.009999999776482582}",training
95,[371.3851  371.38474 371.38318 ... 356.6038  356.4942  356.3838 ],"[-0.1566176  -0.15675071 -0.15688527 ... -0.10611237 -0.10586248
 -0.10560978]","[   0.2752533   -1.2195985   -2.7167706 ... -138.68918   -139.70206
 -140.71205  ]",[-1897.4325 -1900.019  -1901.4852 ... -1288.1112 -1284.5343 -1280.8469],[ 1.  1.  1. ... 60. 60. 60.],"[[0.        ]
 [0.0007874 ]
 [0.0015748 ]
 ...
 [0.09842519]
 [0.0992126 ]
 [0.1       ]]","{'laws/fourier_conduction': 0.00017416768241673708, 'constitutive/thermal_diffusivity/law_fourier_conduction/implied_delta': 0.0007397856679745018}","{'laws/fourier_conduction': 0.009999999776482582, 'constitutive/thermal_diffusivity/law_fourier_conduction/implied_delta': 0.009999999776482582}",training
96,[371.35748 371.3571  371.3555  ... 356.5832  356.47363 356.36328],"[-0.15634511 -0.15647519 -0.15660757 ... -0.10606983 -0.10582018
 -0.10556761]","[   0.23509556   -1.2576473    -2.751552   ... -138.63277    -139.64499
 -140.65442   ]",[-1894.3607 -1896.8025 -1898.1598 ... -1287.364  -1283.7866 -1280.097 ],[ 1.  1.  1. ... 60. 60. 60.],"[[0.        ]
 [0.0007874 ]
 [0.0015748 ]
 ...
 [0.09842519]
 [0.0992126 ]
 [0.1       ]]","{'laws/fourier_conduction': 0.0001738933933665976, 'constitutive/thermal_diffusivity/law_fourier_conduction/implied_delta': 0.0007406241493299603}","{'laws/fourier_conduction': 0.009999999776482582, 'constitutive/thermal_diffusivity/law_fourier_conduction/implied_delta': 0.009999999776482582}",training
97,[371.3061  371.3057  371.30414 ... 356.5453  356.43582 356.32553],"[-0.15594693 -0.1560675  -0.15618952 ... -0.10604633 -0.10579734
 -0.10554539]","[   0.23469357   -1.252609     -2.7411544  ... -138.5435     -139.55542
 -140.5643    ]",[-1887.1884 -1889.8397 -1891.291  ... -1286.8175 -1283.2522 -1279.5746],[ 1.  1.  1. ... 60. 60. 60.],"[[0.        ]
 [0.0007874 ]
 [0.0015748 ]
 ...
 [0.09842519]
 [0.0992126 ]
 [0.1       ]]","{'laws/fourier_conduction': 0.00017350754933431745, 'constitutive/thermal_diffusivity/law_fourier_conduction/implied_delta': 0.0007416157168336213}","{'laws/fourier_conduction': 0.009999999776482582, 'constitutive/thermal_diffusivity/law_fourier_conduction/implied_delta': 0.009999999776482582}",training
98,[371.23447 371.2341  371.23257 ... 356.49323 356.38382 356.27365],"[-0.15536202 -0.15548515 -0.15561178 ... -0.10597743 -0.10572963
 -0.1054786 ]","[   0.29522964   -1.1856313    -2.6688828  ... -138.42355    -139.43462
 -140.44283   ]",[-1879.0708 -1882.457  -1884.5544 ... -1285.7675 -1282.215  -1278.5586],[ 1.  1.  1. ... 60. 60. 60.],"[[0.        ]
 [0.0007874 ]
 [0.0015748 ]
 ...
 [0.09842519]
 [0.0992126 ]
 [0.1       ]]","{'laws/fourier_conduction': 0.00017204527102876455, 'constitutive/thermal_diffusivity/law_fourier_conduction/implied_delta': 0.000738416041713208}","{'laws/fourier_conduction': 0.009999999776482582, 'constitutive/thermal_diffusivity/law_fourier_conduction/implied_delta': 0.009999999776482582}",training
99,[371.19894 371.19864 371.19714 ... 356.46732 356.35797 356.2478 ],"[-0.15511502 -0.1552423  -0.15537156 ... -0.10595112 -0.10570358
 -0.10545322]","[   0.3431365   -1.1359684   -2.6164742 ... -138.36627   -139.37695
 -140.38474  ]",[-1876.1794 -1879.5566 -1881.6884 ... -1285.2827 -1281.7284 -1278.0663],[ 1.  1.  1. ... 60. 60. 60.],"[[0.        ]
 [0.0007874 ]
 [0.0015748 ]
 ...
 [0.09842519]
 [0.0992126 ]
 [0.1       ]]","{'laws/fourier_conduction': 0.00017243139154743403, 'constitutive/thermal_diffusivity/law_fourier_conduction/implied_delta': 0.0007414166466332972}","{'laws/fourier_conduction': 0.009999999776482582, 'constitutive/thermal_diffusivity/law_fourier_conduction/implied_delta': 0.009999999776482582}",training
100,[371.19894 371.19864 371.19714 ... 356.46732 356.35797 356.2478 ],"[-0.15511502 -0.1552423  -0.15537156 ... -0.10595112 -0.10570358
 -0.10545322]","[   0.3431365   -1.1359684   -2.6164742 ... -138.36627   -139.37695
 -140.38474  ]",[-1876.1794 -1879.5566 -1881.6884 ... -1285.2827 -1281.7284 -1278.0663],[ 1.  1.  1. ... 60. 60. 60.],"[[0.        ]
 [0.0007874 ]
 [0.0015748 ]
 ...
 [0.09842519]
 [0.0992126 ]
 [0.1       ]]","{'laws/fourier_conduction': Array(0.00017243, dtype=float32), 'constitutive/thermal_diffusivity/law_fourier_conduction/implied_delta': Array(0.00074142, dtype=float32)}","{'laws/fourier_conduction': 0.010000000001, 'constitutive/thermal_diffusivity/law_fourier_conduction/implied_delta': 0.010000000001}",training
101,[371.19894 371.19864 371.19714 ... 356.46732 356.35797 356.2478 ],"[-0.15511502 -0.1552423  -0.15537156 ... -0.10595112 -0.10570358
 -0.10545322]","[   0.3431365   -1.1359684   -2.6164742 ... -138.36627   -139.37695
 -140.38474  ]",[-1876.1794 -1879.5566 -1881.6884 ... -1285.2827 -1281.7284 -1278.0663],[ 1.  1.  1. ... 60. 60. 60.],"[[0.        ]
 [0.0007874 ]
 [0.0015748 ]
 ...
 [0.09842519]
 [0.0992126 ]
 [0.1       ]]","{'laws/fourier_conduction': 0.00017243102774955332, 'constitutive/thermal_diffusivity/law_fourier_conduction/implied_delta': 0.0007414160645566881}","{'laws/fourier_conduction': 0.009999999776482582, 'constitutive/thermal_diffusivity/law_fourier_conduction/implied_delta': 0.009999999776482582}",training
102,[371.19894 371.19864 371.19714 ... 356.46732 356.35797 356.2478 ],"[-0.15511502 -0.1552423  -0.15537156 ... -0.10595112 -0.10570358
 -0.10545322]","[   0.3431365   -1.1359684   -2.6164742 ... -138.36627   -139.37695
 -140.38474  ]",[-1876.1794 -1879.5566 -1881.6884 ... -1285.2827 -1281.7284 -1278.0663],[ 1.  1.  1. ... 60. 60. 60.],"[[0.        ]
 [0.0007874 ]
 [0.0015748 ]
 ...
 [0.09842519]
 [0.0992126 ]
 [0.1       ]]","{'laws/fourier_conduction': 0.00017243102774955332, 'constitutive/thermal_diffusivity/law_fourier_conduction/implied_delta': 0.0007414160645566881}","{'laws/fourier_conduction': 0.009999999776482582, 'constitutive/thermal_diffusivity/law_fourier_conduction/implied_delta': 0.009999999776482582}",training
103,[371.19894 371.19864 371.19714 ... 356.46732 356.35797 356.2478 ],"[-0.15511502 -0.1552423  -0.15537156 ... -0.10595112 -0.10570358
 -0.10545322]","[   0.3431365   -1.1359684   -2.6164742 ... -138.36627   -139.37695
 -140.38474  ]",[-1876.1794 -1879.5566 -1881.6884 ... -1285.2827 -1281.7284 -1278.0663],[ 1.  1.  1. ... 60. 60. 60.],"[[0.        ]
 [0.0007874 ]
 [0.0015748 ]
 ...
 [0.09842519]
 [0.0992126 ]
 [0.1       ]]","{'laws/fourier_conduction': 0.00017243102774955332, 'constitutive/thermal_diffusivity/law_fourier_conduction/implied_delta': 0.0007414160645566881}","{'laws/fourier_conduction': 0.009999999776482582, 'constitutive/thermal_diffusivity/law_fourier_conduction/implied_delta': 0.009999999776482582}",training
